ORG_ID,ORG_NAME,OPPONENT_ID,OPPONENT_NAME,GAME_DATE,LOC
721,Air Force,741,VMI,9/2/2017,H
721,Air Force,418,Michigan,9/16/2017,A
721,Air Force,626,S. Diego St.,9/23/2017,H
721,Air Force,473,New Mexico,9/30/2017,A
721,Air Force,726,Navy,10/7/2017,A
721,Air Force,465,UNLV,10/14/2017,H
721,Air Force,466,Nevada,10/20/2017,A
721,Air Force,156,Colorado St.,10/28/2017,A
721,Air Force,725,Army,11/4/2017,H
721,Air Force,811,Wyoming,11/11/2017,H
721,Air Force,66,Boise St.,11/18/2017,A
721,Air Force,731,Utah St.,11/25/2017,H
5,Akron,539,Penn St.,9/2/2017,A
5,Akron,2678,Ark.-Pine Bluff,9/9/2017,H
5,Akron,311,Iowa St.,9/16/2017,H
5,Akron,716,Troy,9/23/2017,A
5,Akron,71,Bowling Green,9/30/2017,A
5,Akron,47,Ball St.,10/7/2017,H
5,Akron,774,W. Michigan,10/14/2017,A
5,Akron,709,Toledo,10/21/2017,A
5,Akron,86,Buffalo,10/28/2017,H
5,Akron,414,Miami (OH),11/7/2017,A
5,Akron,519,Ohio,11/14/2017,H
5,Akron,331,Kent St.,11/21/2017,H
8,Alabama,234,Florida St.,9/2/2017,N
8,Alabama,96,Fresno St.,9/9/2017,H
8,Alabama,156,Colorado St.,9/16/2017,H
8,Alabama,736,Vanderbilt,9/23/2017,A
8,Alabama,433,Mississippi,9/30/2017,H
8,Alabama,697,Texas A&M,10/7/2017,A
8,Alabama,31,Arkansas,10/14/2017,H
8,Alabama,694,Tennessee,10/21/2017,H
8,Alabama,365,LSU,11/4/2017,H
8,Alabama,430,Mississippi St.,11/11/2017,A
8,Alabama,406,Mercer,11/18/2017,H
8,Alabama,37,Auburn,11/25/2017,A
27,Appalachian St.,257,Georgia,9/2/2017,A
27,Appalachian St.,632,Savannah St.,9/9/2017,H
27,Appalachian St.,670,Texas St.,9/16/2017,A
27,Appalachian St.,749,Wake Forest,9/23/2017,H
27,Appalachian St.,472,N. Mex. St.,10/7/2017,H
27,Appalachian St.,295,Idaho,10/14/2017,A
27,Appalachian St.,149,Coastal Car.,10/21/2017,H
27,Appalachian St.,400,UMass,10/28/2017,A
27,Appalachian St.,498,LA Monroe,11/4/2017,A
27,Appalachian St.,253,Georgia Southern,11/9/2017,H
27,Appalachian St.,254,Georgia St.,11/25/2017,A
27,Appalachian St.,671,La Lafayette,12/2/2017,H
29,Arizona,501,Northern Ariz.,9/2/2017,H
29,Arizona,288,Houston,9/9/2017,H
29,Arizona,704,UTEP,9/15/2017,A
29,Arizona,732,Utah,9/22/2017,H
29,Arizona,157,Colorado,10/7/2017,A
29,Arizona,110,UCLA,10/14/2017,H
29,Arizona,107,California,10/21/2017,A
29,Arizona,754,Washington St.,10/28/2017,H
29,Arizona,657,USC,11/4/2017,A
29,Arizona,528,Oregon St.,11/11/2017,H
29,Arizona,529,Oregon,11/18/2017,A
29,Arizona,28,Arizona St.,11/25/2017,A
28,Arizona St.,472,N. Mex. St.,8/31/2017,H
28,Arizona St.,626,S. Diego St.,9/9/2017,H
28,Arizona St.,700,Texas Tech,9/16/2017,A
28,Arizona St.,529,Oregon,9/23/2017,H
28,Arizona St.,674,Stanford,9/30/2017,A
28,Arizona St.,756,Washington,10/14/2017,H
28,Arizona St.,732,Utah,10/21/2017,A
28,Arizona St.,657,USC,10/28/2017,H
28,Arizona St.,157,Colorado,11/4/2017,H
28,Arizona St.,110,UCLA,11/11/2017,A
28,Arizona St.,528,Oregon St.,11/18/2017,A
28,Arizona St.,29,Arizona,11/25/2017,H
31,Arkansas,228,Florida A&M,8/31/2017,H
31,Arkansas,698,TCU,9/9/2017,H
31,Arkansas,697,Texas A&M,9/23/2017,N
31,Arkansas,472,N. Mex. St.,9/30/2017,H
31,Arkansas,648,South Carolina,10/7/2017,A
31,Arkansas,8,Alabama,10/14/2017,A
31,Arkansas,37,Auburn,10/21/2017,H
31,Arkansas,433,Mississippi,10/28/2017,A
31,Arkansas,149,Coastal Car.,11/4/2017,H
31,Arkansas,365,LSU,11/11/2017,A
31,Arkansas,430,Mississippi St.,11/18/2017,H
31,Arkansas,434,Missouri,11/24/2017,H
30,Arkansas St.,463,Nebraska,9/2/2017,A
30,Arkansas St.,415,Miami (FL),9/9/2017,H
30,Arkansas St.,2678,Ark.-Pine Bluff,9/16/2017,H
30,Arkansas St.,663,SMU,9/23/2017,A
30,Arkansas St.,253,Georgia Southern,10/4/2017,A
30,Arkansas St.,149,Coastal Car.,10/14/2017,H
30,Arkansas St.,671,La Lafayette,10/19/2017,H
30,Arkansas St.,472,N. Mex. St.,10/28/2017,A
30,Arkansas St.,646,South Alabama,11/11/2017,A
30,Arkansas St.,670,Texas St.,11/18/2017,H
30,Arkansas St.,498,LA Monroe,11/25/2017,A
30,Arkansas St.,716,Troy,12/2/2017,H
725,Army,236,Fordham,9/1/2017,H
725,Army,86,Buffalo,9/9/2017,H
725,Army,518,Ohio St.,9/16/2017,A
725,Army,718,Tulane,9/23/2017,A
725,Army,704,UTEP,9/30/2017,H
725,Army,574,Rice,10/7/2017,A
725,Army,204,East. Michigan,10/14/2017,H
725,Army,690,Temple,10/21/2017,H
725,Army,721,Air Force,11/4/2017,A
725,Army,193,Duke,11/11/2017,H
725,Army,497,North Texas,11/18/2017,A
725,Army,726,Navy,12/9/2017,N
37,Auburn,253,Georgia Southern,9/2/2017,H
37,Auburn,147,Clemson,9/9/2017,A
37,Auburn,406,Mercer,9/16/2017,H
37,Auburn,434,Missouri,9/23/2017,A
37,Auburn,430,Mississippi St.,9/30/2017,H
37,Auburn,433,Mississippi,10/7/2017,H
37,Auburn,365,LSU,10/14/2017,A
37,Auburn,31,Arkansas,10/21/2017,A
37,Auburn,697,Texas A&M,11/4/2017,A
37,Auburn,257,Georgia,11/11/2017,H
37,Auburn,498,LA Monroe,11/18/2017,H
37,Auburn,8,Alabama,11/25/2017,H
77,BYU,550,Portland St.,8/26/2017,H
77,BYU,365,LSU,9/2/2017,N
77,BYU,732,Utah,9/9/2017,H
77,BYU,796,Wisconsin,9/16/2017,H
77,BYU,731,Utah St.,9/29/2017,A
77,BYU,66,Boise St.,10/6/2017,H
77,BYU,430,Mississippi St.,10/14/2017,A
77,BYU,196,East Carolina,10/21/2017,A
77,BYU,630,San Jose St.,10/28/2017,H
77,BYU,96,Fresno St.,11/4/2017,A
77,BYU,465,UNLV,11/10/2017,A
77,BYU,400,UMass,11/18/2017,H
77,BYU,277,Hawaii,11/25/2017,A
47,Ball St.,301,Illinois,9/2/2017,A
47,Ball St.,9,UAB,9/9/2017,H
47,Ball St.,692,Tennessee Tech,9/16/2017,H
47,Ball St.,772,W. Kentucky,9/23/2017,A
47,Ball St.,774,W. Michigan,9/30/2017,A
47,Ball St.,5,Akron,10/7/2017,A
47,Ball St.,129,Cent. Michigan,10/21/2017,H
47,Ball St.,709,Toledo,10/26/2017,H
47,Ball St.,204,East. Michigan,11/2/2017,A
47,Ball St.,503,Northern Illinois,11/9/2017,A
47,Ball St.,86,Buffalo,11/16/2017,H
47,Ball St.,414,Miami (OH),11/21/2017,H
51,Baylor,355,Liberty,9/2/2017,H
51,Baylor,706,UTSA,9/9/2017,H
51,Baylor,193,Duke,9/16/2017,A
51,Baylor,522,Oklahoma,9/23/2017,H
51,Baylor,327,Kansas St.,9/30/2017,A
51,Baylor,521,Oklahoma St.,10/14/2017,A
51,Baylor,768,West Virginia,10/21/2017,H
51,Baylor,703,Texas,10/28/2017,H
51,Baylor,328,Kansas,11/4/2017,A
51,Baylor,700,Texas Tech,11/11/2017,N
51,Baylor,311,Iowa St.,11/18/2017,H
51,Baylor,698,TCU,11/24/2017,A
66,Boise St.,716,Troy,9/2/2017,H
66,Boise St.,754,Washington St.,9/9/2017,A
66,Boise St.,473,New Mexico,9/14/2017,H
66,Boise St.,746,Virginia,9/22/2017,H
66,Boise St.,77,BYU,10/6/2017,A
66,Boise St.,626,S. Diego St.,10/14/2017,A
66,Boise St.,811,Wyoming,10/21/2017,H
66,Boise St.,731,Utah St.,10/28/2017,A
66,Boise St.,466,Nevada,11/4/2017,H
66,Boise St.,156,Colorado St.,11/11/2017,A
66,Boise St.,721,Air Force,11/18/2017,H
66,Boise St.,96,Fresno St.,11/25/2017,A
67,Boston Coll.,503,Northern Illinois,9/1/2017,A
67,Boston Coll.,749,Wake Forest,9/9/2017,H
67,Boston Coll.,513,Notre Dame,9/16/2017,H
67,Boston Coll.,147,Clemson,9/23/2017,A
67,Boston Coll.,129,Cent. Michigan,9/30/2017,H
67,Boston Coll.,742,Virginia Tech,10/7/2017,H
67,Boston Coll.,367,Louisville,10/14/2017,A
67,Boston Coll.,746,Virginia,10/21/2017,A
67,Boston Coll.,234,Florida St.,10/27/2017,H
67,Boston Coll.,490,N.C. State,11/11/2017,H
67,Boston Coll.,164,Connecticut,11/18/2017,N
67,Boston Coll.,688,Syracuse,11/25/2017,A
71,Bowling Green,416,Michigan St.,9/2/2017,A
71,Bowling Green,650,South Dakota,9/9/2017,H
71,Bowling Green,509,Northwestern,9/16/2017,A
71,Bowling Green,419,Middle Tenn. St.,9/23/2017,A
71,Bowling Green,5,Akron,9/30/2017,H
71,Bowling Green,414,Miami (OH),10/7/2017,A
71,Bowling Green,519,Ohio,10/14/2017,H
71,Bowling Green,503,Northern Illinois,10/21/2017,H
71,Bowling Green,331,Kent St.,10/31/2017,A
71,Bowling Green,86,Buffalo,11/7/2017,A
71,Bowling Green,709,Toledo,11/15/2017,H
71,Bowling Green,204,East. Michigan,11/21/2017,A
86,Buffalo,428,Minnesota,8/31/2017,A
86,Buffalo,725,Army,9/9/2017,A
86,Buffalo,153,Colgate,9/16/2017,H
86,Buffalo,229,Florida Atlantic,9/23/2017,H
86,Buffalo,331,Kent St.,9/30/2017,A
86,Buffalo,774,W. Michigan,10/7/2017,H
86,Buffalo,503,Northern Illinois,10/14/2017,H
86,Buffalo,414,Miami (OH),10/21/2017,A
86,Buffalo,5,Akron,10/28/2017,A
86,Buffalo,71,Bowling Green,11/7/2017,H
86,Buffalo,47,Ball St.,11/16/2017,A
86,Buffalo,519,Ohio,11/24/2017,H
107,California,457,N. Carolina,9/2/2017,A
107,California,758,Weber St.,9/9/2017,H
107,California,433,Mississippi,9/16/2017,H
107,California,657,USC,9/23/2017,H
107,California,529,Oregon,9/30/2017,A
107,California,756,Washington,10/7/2017,A
107,California,754,Washington St.,10/13/2017,H
107,California,29,Arizona,10/21/2017,H
107,California,157,Colorado,10/28/2017,A
107,California,528,Oregon St.,11/4/2017,H
107,California,674,Stanford,11/18/2017,A
107,California,110,UCLA,11/24/2017,A
129,Cent. Michigan,572,Rhode Island,8/31/2017,H
129,Cent. Michigan,328,Kansas,9/9/2017,A
129,Cent. Michigan,688,Syracuse,9/16/2017,A
129,Cent. Michigan,414,Miami (OH),9/23/2017,H
129,Cent. Michigan,67,Boston Coll.,9/30/2017,A
129,Cent. Michigan,519,Ohio,10/7/2017,A
129,Cent. Michigan,709,Toledo,10/14/2017,H
129,Cent. Michigan,47,Ball St.,10/21/2017,A
129,Cent. Michigan,774,W. Michigan,11/1/2017,A
129,Cent. Michigan,204,East. Michigan,11/8/2017,H
129,Cent. Michigan,331,Kent St.,11/14/2017,A
129,Cent. Michigan,503,Northern Illinois,11/24/2017,H
458,Charlotte,204,East. Michigan,9/1/2017,A
458,Charlotte,327,Kansas St.,9/9/2017,A
458,Charlotte,488,N.C. A&T,9/16/2017,H
458,Charlotte,254,Georgia St.,9/23/2017,H
458,Charlotte,231,Florida Intl.,9/30/2017,A
458,Charlotte,388,Marshall,10/7/2017,H
458,Charlotte,772,W. Kentucky,10/14/2017,A
458,Charlotte,9,UAB,10/21/2017,H
458,Charlotte,523,Old Dominion,11/4/2017,A
458,Charlotte,419,Middle Tenn. St.,11/11/2017,H
458,Charlotte,664,Southern Miss,11/18/2017,A
458,Charlotte,229,Florida Atlantic,11/25/2017,H
140,Cincinnati,43,Austin Peay,8/31/2017,H
140,Cincinnati,418,Michigan,9/9/2017,A
140,Cincinnati,414,Miami (OH),9/16/2017,A
140,Cincinnati,726,Navy,9/23/2017,A
140,Cincinnati,388,Marshall,9/30/2017,H
140,Cincinnati,128,UCF,10/7/2017,H
140,Cincinnati,663,SMU,10/21/2017,H
140,Cincinnati,651,South Florida,10/28/2017,A
140,Cincinnati,718,Tulane,11/4/2017,A
140,Cincinnati,690,Temple,11/10/2017,H
140,Cincinnati,196,East Carolina,11/18/2017,A
140,Cincinnati,164,Connecticut,11/25/2017,H
147,Clemson,331,Kent St.,9/2/2017,H
147,Clemson,37,Auburn,9/9/2017,H
147,Clemson,367,Louisville,9/16/2017,A
147,Clemson,67,Boston Coll.,9/23/2017,H
147,Clemson,742,Virginia Tech,9/30/2017,A
147,Clemson,749,Wake Forest,10/7/2017,H
147,Clemson,688,Syracuse,10/13/2017,A
147,Clemson,255,Georgia Tech,10/28/2017,H
147,Clemson,490,N.C. State,11/4/2017,A
147,Clemson,234,Florida St.,11/11/2017,H
147,Clemson,141,The Citadel,11/18/2017,H
147,Clemson,648,South Carolina,11/25/2017,A
149,Coastal Car.,400,UMass,9/2/2017,H
149,Coastal Car.,9,UAB,9/16/2017,A
149,Coastal Car.,771,Western Ill.,9/23/2017,H
149,Coastal Car.,498,LA Monroe,9/30/2017,A
149,Coastal Car.,254,Georgia St.,10/7/2017,H
149,Coastal Car.,30,Arkansas St.,10/14/2017,A
149,Coastal Car.,27,Appalachian St.,10/21/2017,A
149,Coastal Car.,670,Texas St.,10/28/2017,H
149,Coastal Car.,31,Arkansas,11/4/2017,A
149,Coastal Car.,716,Troy,11/11/2017,H
149,Coastal Car.,295,Idaho,11/18/2017,A
149,Coastal Car.,253,Georgia Southern,12/2/2017,H
157,Colorado,156,Colorado St.,9/1/2017,N
157,Colorado,670,Texas St.,9/9/2017,H
157,Colorado,502,Northern Colo.,9/16/2017,H
157,Colorado,756,Washington,9/23/2017,H
157,Colorado,110,UCLA,9/30/2017,A
157,Colorado,29,Arizona,10/7/2017,H
157,Colorado,528,Oregon St.,10/14/2017,A
157,Colorado,754,Washington St.,10/21/2017,A
157,Colorado,107,California,10/28/2017,H
157,Colorado,28,Arizona St.,11/4/2017,A
157,Colorado,657,USC,11/11/2017,H
157,Colorado,732,Utah,11/25/2017,A
156,Colorado St.,528,Oregon St.,8/26/2017,H
156,Colorado St.,157,Colorado,9/1/2017,N
156,Colorado St.,2,Abilene Christian,9/9/2017,H
156,Colorado St.,8,Alabama,9/16/2017,A
156,Colorado St.,277,Hawaii,9/30/2017,A
156,Colorado St.,731,Utah St.,10/7/2017,A
156,Colorado St.,466,Nevada,10/14/2017,H
156,Colorado St.,473,New Mexico,10/20/2017,A
156,Colorado St.,721,Air Force,10/28/2017,H
156,Colorado St.,811,Wyoming,11/4/2017,A
156,Colorado St.,66,Boise St.,11/11/2017,H
156,Colorado St.,630,San Jose St.,11/18/2017,H
193,Duke,489,N.C. Central,9/2/2017,H
193,Duke,509,Northwestern,9/9/2017,H
193,Duke,51,Baylor,9/16/2017,H
193,Duke,457,N. Carolina,9/23/2017,A
193,Duke,415,Miami (FL),9/29/2017,H
193,Duke,746,Virginia,10/7/2017,A
193,Duke,234,Florida St.,10/14/2017,H
193,Duke,545,Pittsburgh,10/21/2017,H
193,Duke,742,Virginia Tech,10/28/2017,A
193,Duke,725,Army,11/11/2017,A
193,Duke,255,Georgia Tech,11/18/2017,H
193,Duke,749,Wake Forest,11/25/2017,A
196,East Carolina,317,James Madison,9/2/2017,H
196,East Carolina,768,West Virginia,9/9/2017,A
196,East Carolina,742,Virginia Tech,9/16/2017,H
196,East Carolina,651,South Florida,9/30/2017,H
196,East Carolina,690,Temple,10/7/2017,H
196,East Carolina,128,UCF,10/14/2017,A
196,East Carolina,77,BYU,10/21/2017,H
196,East Carolina,288,Houston,10/28/2017,A
196,East Carolina,164,Connecticut,11/4/2017,A
196,East Carolina,718,Tulane,11/11/2017,H
196,East Carolina,140,Cincinnati,11/18/2017,H
196,East Carolina,404,Memphis,11/25/2017,A
204,East. Michigan,458,Charlotte,9/1/2017,H
204,East. Michigan,587,Rutgers,9/9/2017,A
204,East. Michigan,519,Ohio,9/23/2017,H
204,East. Michigan,334,Kentucky,9/30/2017,A
204,East. Michigan,709,Toledo,10/7/2017,A
204,East. Michigan,725,Army,10/14/2017,A
204,East. Michigan,774,W. Michigan,10/21/2017,H
204,East. Michigan,503,Northern Illinois,10/26/2017,A
204,East. Michigan,47,Ball St.,11/2/2017,H
204,East. Michigan,129,Cent. Michigan,11/8/2017,A
204,East. Michigan,414,Miami (OH),11/15/2017,A
204,East. Michigan,71,Bowling Green,11/21/2017,H
231,Florida Intl.,128,UCF,8/31/2017,A
231,Florida Intl.,17,Alcorn,9/9/2017,H
231,Florida Intl.,306,Indiana,9/16/2017,A
231,Florida Intl.,574,Rice,9/23/2017,A
231,Florida Intl.,458,Charlotte,9/30/2017,H
231,Florida Intl.,419,Middle Tenn. St.,10/7/2017,A
231,Florida Intl.,718,Tulane,10/14/2017,H
231,Florida Intl.,388,Marshall,10/28/2017,A
231,Florida Intl.,706,UTSA,11/4/2017,H
231,Florida Intl.,523,Old Dominion,11/11/2017,H
231,Florida Intl.,229,Florida Atlantic,11/18/2017,A
231,Florida Intl.,772,W. Kentucky,11/24/2017,H
229,Florida Atlantic,726,Navy,9/1/2017,H
229,Florida Atlantic,796,Wisconsin,9/9/2017,A
229,Florida Atlantic,61,Bethune-Cookman,9/16/2017,H
229,Florida Atlantic,86,Buffalo,9/23/2017,A
229,Florida Atlantic,419,Middle Tenn. St.,9/30/2017,H
229,Florida Atlantic,523,Old Dominion,10/7/2017,A
229,Florida Atlantic,497,North Texas,10/21/2017,H
229,Florida Atlantic,772,W. Kentucky,10/28/2017,A
229,Florida Atlantic,388,Marshall,11/3/2017,H
229,Florida Atlantic,366,Louisiana Tech,11/11/2017,A
229,Florida Atlantic,231,Florida Intl.,11/18/2017,H
229,Florida Atlantic,458,Charlotte,11/25/2017,A
235,Florida,418,Michigan,9/2/2017,N
235,Florida,502,Northern Colo.,9/9/2017,H
235,Florida,694,Tennessee,9/16/2017,H
235,Florida,334,Kentucky,9/23/2017,A
235,Florida,736,Vanderbilt,9/30/2017,H
235,Florida,365,LSU,10/7/2017,H
235,Florida,697,Texas A&M,10/14/2017,H
235,Florida,257,Georgia,10/28/2017,N
235,Florida,434,Missouri,11/4/2017,A
235,Florida,648,South Carolina,11/11/2017,A
235,Florida,9,UAB,11/18/2017,H
235,Florida,234,Florida St.,11/25/2017,H
234,Florida St.,8,Alabama,9/2/2017,N
234,Florida St.,498,LA Monroe,9/9/2017,H
234,Florida St.,415,Miami (FL),9/16/2017,H
234,Florida St.,490,N.C. State,9/23/2017,H
234,Florida St.,749,Wake Forest,9/30/2017,A
234,Florida St.,193,Duke,10/14/2017,A
234,Florida St.,367,Louisville,10/21/2017,H
234,Florida St.,67,Boston Coll.,10/27/2017,A
234,Florida St.,688,Syracuse,11/4/2017,H
234,Florida St.,147,Clemson,11/11/2017,A
234,Florida St.,178,Delaware St.,11/18/2017,H
234,Florida St.,235,Florida,11/25/2017,A
96,Fresno St.,2743,Incarnate Word,9/2/2017,H
96,Fresno St.,8,Alabama,9/9/2017,A
96,Fresno St.,756,Washington,9/16/2017,A
96,Fresno St.,466,Nevada,9/30/2017,H
96,Fresno St.,630,San Jose St.,10/7/2017,A
96,Fresno St.,473,New Mexico,10/14/2017,H
96,Fresno St.,626,S. Diego St.,10/21/2017,A
96,Fresno St.,465,UNLV,10/28/2017,H
96,Fresno St.,77,BYU,11/4/2017,H
96,Fresno St.,277,Hawaii,11/11/2017,A
96,Fresno St.,811,Wyoming,11/18/2017,A
96,Fresno St.,66,Boise St.,11/25/2017,H
253,Georgia Southern,37,Auburn,9/2/2017,A
253,Georgia Southern,469,New Hampshire,9/9/2017,H
253,Georgia Southern,306,Indiana,9/23/2017,A
253,Georgia Southern,30,Arkansas St.,10/4/2017,H
253,Georgia Southern,472,N. Mex. St.,10/14/2017,H
253,Georgia Southern,400,UMass,10/21/2017,A
253,Georgia Southern,716,Troy,10/28/2017,A
253,Georgia Southern,254,Georgia St.,11/4/2017,H
253,Georgia Southern,27,Appalachian St.,11/9/2017,A
253,Georgia Southern,646,South Alabama,11/18/2017,H
253,Georgia Southern,671,La Lafayette,11/25/2017,A
253,Georgia Southern,149,Coastal Car.,12/2/2017,A
257,Georgia,27,Appalachian St.,9/2/2017,H
257,Georgia,513,Notre Dame,9/9/2017,A
257,Georgia,625,Samford,9/16/2017,H
257,Georgia,430,Mississippi St.,9/23/2017,H
257,Georgia,694,Tennessee,9/30/2017,A
257,Georgia,736,Vanderbilt,10/7/2017,A
257,Georgia,434,Missouri,10/14/2017,H
257,Georgia,235,Florida,10/28/2017,N
257,Georgia,648,South Carolina,11/4/2017,H
257,Georgia,37,Auburn,11/11/2017,A
257,Georgia,334,Kentucky,11/18/2017,H
257,Georgia,255,Georgia Tech,11/25/2017,A
254,Georgia St.,691,Tennessee St.,8/31/2017,H
254,Georgia St.,539,Penn St.,9/16/2017,A
254,Georgia St.,458,Charlotte,9/23/2017,A
254,Georgia St.,404,Memphis,9/30/2017,H
254,Georgia St.,149,Coastal Car.,10/7/2017,A
254,Georgia St.,498,LA Monroe,10/14/2017,A
254,Georgia St.,716,Troy,10/21/2017,H
254,Georgia St.,646,South Alabama,10/26/2017,H
254,Georgia St.,253,Georgia Southern,11/4/2017,A
254,Georgia St.,670,Texas St.,11/11/2017,A
254,Georgia St.,27,Appalachian St.,11/25/2017,H
254,Georgia St.,295,Idaho,12/2/2017,H
255,Georgia Tech,694,Tennessee,9/4/2017,N
255,Georgia Tech,315,Jacksonville St.,9/9/2017,H
255,Georgia Tech,128,UCF,9/16/2017,A
255,Georgia Tech,545,Pittsburgh,9/23/2017,H
255,Georgia Tech,457,N. Carolina,9/30/2017,H
255,Georgia Tech,415,Miami (FL),10/12/2017,A
255,Georgia Tech,749,Wake Forest,10/21/2017,H
255,Georgia Tech,147,Clemson,10/28/2017,A
255,Georgia Tech,746,Virginia,11/4/2017,A
255,Georgia Tech,742,Virginia Tech,11/11/2017,H
255,Georgia Tech,193,Duke,11/18/2017,A
255,Georgia Tech,257,Georgia,11/25/2017,H
277,Hawaii,400,UMass,8/26/2017,A
277,Hawaii,769,Western Caro.,9/2/2017,H
277,Hawaii,110,UCLA,9/9/2017,A
277,Hawaii,811,Wyoming,9/23/2017,A
277,Hawaii,156,Colorado St.,9/30/2017,H
277,Hawaii,466,Nevada,10/7/2017,A
277,Hawaii,630,San Jose St.,10/14/2017,H
277,Hawaii,626,S. Diego St.,10/28/2017,H
277,Hawaii,465,UNLV,11/4/2017,A
277,Hawaii,96,Fresno St.,11/11/2017,H
277,Hawaii,731,Utah St.,11/18/2017,A
277,Hawaii,77,BYU,11/25/2017,H
288,Houston,706,UTSA,9/2/2017,A
288,Houston,29,Arizona,9/9/2017,A
288,Houston,574,Rice,9/16/2017,H
288,Houston,700,Texas Tech,9/23/2017,H
288,Houston,690,Temple,9/30/2017,A
288,Houston,663,SMU,10/7/2017,H
288,Houston,719,Tulsa,10/14/2017,A
288,Houston,404,Memphis,10/19/2017,H
288,Houston,196,East Carolina,10/28/2017,H
288,Houston,651,South Florida,11/4/2017,A
288,Houston,718,Tulane,11/18/2017,A
288,Houston,726,Navy,11/24/2017,H
295,Idaho,102,Sacramento St.,8/31/2017,H
295,Idaho,465,UNLV,9/9/2017,H
295,Idaho,774,W. Michigan,9/16/2017,A
295,Idaho,646,South Alabama,9/23/2017,A
295,Idaho,671,La Lafayette,10/7/2017,H
295,Idaho,27,Appalachian St.,10/14/2017,H
295,Idaho,434,Missouri,10/21/2017,A
295,Idaho,498,LA Monroe,10/28/2017,H
295,Idaho,716,Troy,11/2/2017,A
295,Idaho,149,Coastal Car.,11/18/2017,H
295,Idaho,472,N. Mex. St.,11/25/2017,A
295,Idaho,254,Georgia St.,12/2/2017,A
301,Illinois,47,Ball St.,9/2/2017,H
301,Illinois,772,W. Kentucky,9/9/2017,H
301,Illinois,651,South Florida,9/15/2017,A
301,Illinois,463,Nebraska,9/29/2017,H
301,Illinois,312,Iowa,10/7/2017,A
301,Illinois,587,Rutgers,10/14/2017,H
301,Illinois,428,Minnesota,10/21/2017,A
301,Illinois,796,Wisconsin,10/28/2017,H
301,Illinois,559,Purdue,11/4/2017,A
301,Illinois,306,Indiana,11/11/2017,H
301,Illinois,518,Ohio St.,11/18/2017,A
301,Illinois,509,Northwestern,11/25/2017,H
306,Indiana,518,Ohio St.,8/31/2017,H
306,Indiana,746,Virginia,9/9/2017,A
306,Indiana,231,Florida Intl.,9/16/2017,H
306,Indiana,253,Georgia Southern,9/23/2017,H
306,Indiana,539,Penn St.,9/30/2017,A
306,Indiana,418,Michigan,10/14/2017,H
306,Indiana,416,Michigan St.,10/21/2017,A
306,Indiana,392,Maryland,10/28/2017,A
306,Indiana,796,Wisconsin,11/4/2017,H
306,Indiana,301,Illinois,11/11/2017,A
306,Indiana,587,Rutgers,11/18/2017,H
306,Indiana,559,Purdue,11/25/2017,A
312,Iowa,811,Wyoming,9/2/2017,H
312,Iowa,311,Iowa St.,9/9/2017,A
312,Iowa,497,North Texas,9/16/2017,H
312,Iowa,539,Penn St.,9/23/2017,H
312,Iowa,416,Michigan St.,9/30/2017,A
312,Iowa,301,Illinois,10/7/2017,H
312,Iowa,509,Northwestern,10/21/2017,A
312,Iowa,428,Minnesota,10/28/2017,H
312,Iowa,518,Ohio St.,11/4/2017,H
312,Iowa,796,Wisconsin,11/11/2017,A
312,Iowa,559,Purdue,11/18/2017,H
312,Iowa,463,Nebraska,11/24/2017,A
311,Iowa St.,504,UNI,9/2/2017,H
311,Iowa St.,312,Iowa,9/9/2017,H
311,Iowa St.,5,Akron,9/16/2017,A
311,Iowa St.,703,Texas,9/28/2017,H
311,Iowa St.,522,Oklahoma,10/7/2017,A
311,Iowa St.,328,Kansas,10/14/2017,H
311,Iowa St.,700,Texas Tech,10/21/2017,A
311,Iowa St.,698,TCU,10/28/2017,H
311,Iowa St.,768,West Virginia,11/4/2017,A
311,Iowa St.,521,Oklahoma St.,11/11/2017,H
311,Iowa St.,51,Baylor,11/18/2017,A
311,Iowa St.,327,Kansas St.,11/25/2017,A
328,Kansas,654,Southeast Mo. St.,9/2/2017,H
328,Kansas,129,Cent. Michigan,9/9/2017,H
328,Kansas,519,Ohio,9/16/2017,A
328,Kansas,768,West Virginia,9/23/2017,H
328,Kansas,700,Texas Tech,10/7/2017,H
328,Kansas,311,Iowa St.,10/14/2017,A
328,Kansas,698,TCU,10/21/2017,A
328,Kansas,327,Kansas St.,10/28/2017,H
328,Kansas,51,Baylor,11/4/2017,H
328,Kansas,703,Texas,11/11/2017,A
328,Kansas,522,Oklahoma,11/18/2017,H
328,Kansas,521,Oklahoma St.,11/25/2017,A
327,Kansas St.,1004,Central Ark.,9/2/2017,H
327,Kansas St.,458,Charlotte,9/9/2017,H
327,Kansas St.,736,Vanderbilt,9/16/2017,A
327,Kansas St.,51,Baylor,9/30/2017,H
327,Kansas St.,703,Texas,10/7/2017,A
327,Kansas St.,698,TCU,10/14/2017,H
327,Kansas St.,522,Oklahoma,10/21/2017,H
327,Kansas St.,328,Kansas,10/28/2017,A
327,Kansas St.,700,Texas Tech,11/4/2017,A
327,Kansas St.,768,West Virginia,11/11/2017,H
327,Kansas St.,521,Oklahoma St.,11/18/2017,A
327,Kansas St.,311,Iowa St.,11/25/2017,H
331,Kent St.,147,Clemson,9/2/2017,A
331,Kent St.,290,Howard,9/9/2017,H
331,Kent St.,388,Marshall,9/16/2017,A
331,Kent St.,367,Louisville,9/23/2017,A
331,Kent St.,86,Buffalo,9/30/2017,H
331,Kent St.,503,Northern Illinois,10/7/2017,A
331,Kent St.,414,Miami (OH),10/14/2017,H
331,Kent St.,519,Ohio,10/21/2017,A
331,Kent St.,71,Bowling Green,10/31/2017,H
331,Kent St.,774,W. Michigan,11/8/2017,A
331,Kent St.,129,Cent. Michigan,11/14/2017,H
331,Kent St.,5,Akron,11/21/2017,A
334,Kentucky,664,Southern Miss,9/2/2017,A
334,Kentucky,202,Eastern Ky.,9/9/2017,H
334,Kentucky,648,South Carolina,9/16/2017,A
334,Kentucky,235,Florida,9/23/2017,H
334,Kentucky,204,East. Michigan,9/30/2017,H
334,Kentucky,434,Missouri,10/7/2017,H
334,Kentucky,430,Mississippi St.,10/21/2017,A
334,Kentucky,694,Tennessee,10/28/2017,H
334,Kentucky,433,Mississippi,11/4/2017,H
334,Kentucky,736,Vanderbilt,11/11/2017,A
334,Kentucky,257,Georgia,11/18/2017,A
334,Kentucky,367,Louisville,11/25/2017,H
365,LSU,77,BYU,9/2/2017,N
365,LSU,693,Chattanooga,9/9/2017,H
365,LSU,430,Mississippi St.,9/16/2017,A
365,LSU,688,Syracuse,9/23/2017,H
365,LSU,716,Troy,9/30/2017,H
365,LSU,235,Florida,10/7/2017,A
365,LSU,37,Auburn,10/14/2017,H
365,LSU,433,Mississippi,10/21/2017,A
365,LSU,8,Alabama,11/4/2017,A
365,LSU,31,Arkansas,11/11/2017,H
365,LSU,694,Tennessee,11/18/2017,A
365,LSU,697,Texas A&M,11/25/2017,H
498,LA Monroe,404,Memphis,8/31/2017,A
498,LA Monroe,234,Florida St.,9/9/2017,A
498,LA Monroe,664,Southern Miss,9/16/2017,H
498,LA Monroe,671,La Lafayette,9/23/2017,A
498,LA Monroe,149,Coastal Car.,9/30/2017,H
498,LA Monroe,670,Texas St.,10/7/2017,A
498,LA Monroe,254,Georgia St.,10/14/2017,H
498,LA Monroe,646,South Alabama,10/21/2017,A
498,LA Monroe,295,Idaho,10/28/2017,A
498,LA Monroe,27,Appalachian St.,11/4/2017,H
498,LA Monroe,37,Auburn,11/18/2017,A
498,LA Monroe,30,Arkansas St.,11/25/2017,H
671,La Lafayette,655,Southeastern La.,9/2/2017,H
671,La Lafayette,719,Tulsa,9/9/2017,A
671,La Lafayette,697,Texas A&M,9/16/2017,A
671,La Lafayette,498,LA Monroe,9/23/2017,H
671,La Lafayette,295,Idaho,10/7/2017,A
671,La Lafayette,670,Texas St.,10/12/2017,H
671,La Lafayette,30,Arkansas St.,10/19/2017,A
671,La Lafayette,646,South Alabama,11/4/2017,A
671,La Lafayette,433,Mississippi,11/11/2017,A
671,La Lafayette,472,N. Mex. St.,11/18/2017,H
671,La Lafayette,253,Georgia Southern,11/25/2017,H
671,La Lafayette,27,Appalachian St.,12/2/2017,A
366,Louisiana Tech,508,Northwestern St.,9/2/2017,H
366,Louisiana Tech,430,Mississippi St.,9/9/2017,H
366,Louisiana Tech,772,W. Kentucky,9/16/2017,A
366,Louisiana Tech,648,South Carolina,9/23/2017,A
366,Louisiana Tech,646,South Alabama,9/30/2017,H
366,Louisiana Tech,9,UAB,10/7/2017,A
366,Louisiana Tech,664,Southern Miss,10/21/2017,H
366,Louisiana Tech,574,Rice,10/28/2017,A
366,Louisiana Tech,497,North Texas,11/4/2017,H
366,Louisiana Tech,229,Florida Atlantic,11/11/2017,H
366,Louisiana Tech,704,UTEP,11/18/2017,A
366,Louisiana Tech,706,UTSA,11/25/2017,H
367,Louisville,559,Purdue,9/2/2017,N
367,Louisville,457,N. Carolina,9/9/2017,A
367,Louisville,147,Clemson,9/16/2017,H
367,Louisville,331,Kent St.,9/23/2017,H
367,Louisville,454,Murray St.,9/30/2017,H
367,Louisville,490,N.C. State,10/5/2017,A
367,Louisville,67,Boston Coll.,10/14/2017,H
367,Louisville,234,Florida St.,10/21/2017,A
367,Louisville,749,Wake Forest,10/28/2017,A
367,Louisville,746,Virginia,11/11/2017,H
367,Louisville,688,Syracuse,11/18/2017,H
367,Louisville,334,Kentucky,11/25/2017,A
388,Marshall,414,Miami (OH),9/2/2017,H
388,Marshall,490,N.C. State,9/9/2017,A
388,Marshall,331,Kent St.,9/16/2017,H
388,Marshall,140,Cincinnati,9/30/2017,A
388,Marshall,458,Charlotte,10/7/2017,A
388,Marshall,523,Old Dominion,10/14/2017,H
388,Marshall,419,Middle Tenn. St.,10/20/2017,A
388,Marshall,231,Florida Intl.,10/28/2017,H
388,Marshall,229,Florida Atlantic,11/3/2017,A
388,Marshall,772,W. Kentucky,11/11/2017,H
388,Marshall,706,UTSA,11/18/2017,A
388,Marshall,664,Southern Miss,11/25/2017,H
392,Maryland,703,Texas,9/2/2017,A
392,Maryland,711,Towson,9/9/2017,H
392,Maryland,128,UCF,9/23/2017,H
392,Maryland,428,Minnesota,9/30/2017,A
392,Maryland,518,Ohio St.,10/7/2017,A
392,Maryland,509,Northwestern,10/14/2017,H
392,Maryland,796,Wisconsin,10/21/2017,A
392,Maryland,306,Indiana,10/28/2017,H
392,Maryland,587,Rutgers,11/4/2017,A
392,Maryland,418,Michigan,11/11/2017,H
392,Maryland,416,Michigan St.,11/18/2017,A
392,Maryland,539,Penn St.,11/25/2017,H
400,UMass,277,Hawaii,8/26/2017,H
400,UMass,149,Coastal Car.,9/2/2017,A
400,UMass,523,Old Dominion,9/9/2017,H
400,UMass,690,Temple,9/15/2017,A
400,UMass,694,Tennessee,9/23/2017,A
400,UMass,519,Ohio,9/30/2017,H
400,UMass,651,South Florida,10/14/2017,A
400,UMass,253,Georgia Southern,10/21/2017,H
400,UMass,27,Appalachian St.,10/28/2017,H
400,UMass,430,Mississippi St.,11/4/2017,A
400,UMass,380,Maine,11/11/2017,H
400,UMass,77,BYU,11/18/2017,A
404,Memphis,498,LA Monroe,8/31/2017,H
404,Memphis,128,UCF,9/9/2017,A
404,Memphis,110,UCLA,9/16/2017,H
404,Memphis,659,Southern Ill.,9/23/2017,H
404,Memphis,254,Georgia St.,9/30/2017,A
404,Memphis,164,Connecticut,10/6/2017,A
404,Memphis,726,Navy,10/14/2017,H
404,Memphis,288,Houston,10/19/2017,A
404,Memphis,718,Tulane,10/27/2017,H
404,Memphis,719,Tulsa,11/3/2017,A
404,Memphis,663,SMU,11/18/2017,H
404,Memphis,196,East Carolina,11/25/2017,H
415,Miami (FL),61,Bethune-Cookman,9/2/2017,H
415,Miami (FL),30,Arkansas St.,9/9/2017,A
415,Miami (FL),234,Florida St.,9/16/2017,A
415,Miami (FL),709,Toledo,9/23/2017,H
415,Miami (FL),193,Duke,9/29/2017,A
415,Miami (FL),255,Georgia Tech,10/12/2017,H
415,Miami (FL),688,Syracuse,10/21/2017,H
415,Miami (FL),457,N. Carolina,10/28/2017,A
415,Miami (FL),742,Virginia Tech,11/4/2017,H
415,Miami (FL),513,Notre Dame,11/11/2017,H
415,Miami (FL),746,Virginia,11/18/2017,H
415,Miami (FL),545,Pittsburgh,11/24/2017,A
414,Miami (OH),388,Marshall,9/2/2017,A
414,Miami (OH),43,Austin Peay,9/9/2017,H
414,Miami (OH),140,Cincinnati,9/16/2017,H
414,Miami (OH),129,Cent. Michigan,9/23/2017,A
414,Miami (OH),513,Notre Dame,9/30/2017,A
414,Miami (OH),71,Bowling Green,10/7/2017,H
414,Miami (OH),331,Kent St.,10/14/2017,A
414,Miami (OH),86,Buffalo,10/21/2017,H
414,Miami (OH),519,Ohio,10/31/2017,A
414,Miami (OH),5,Akron,11/7/2017,H
414,Miami (OH),204,East. Michigan,11/15/2017,H
414,Miami (OH),47,Ball St.,11/21/2017,A
418,Michigan,235,Florida,9/2/2017,N
418,Michigan,140,Cincinnati,9/9/2017,H
418,Michigan,721,Air Force,9/16/2017,H
418,Michigan,559,Purdue,9/23/2017,A
418,Michigan,416,Michigan St.,10/7/2017,H
418,Michigan,306,Indiana,10/14/2017,A
418,Michigan,539,Penn St.,10/21/2017,A
418,Michigan,587,Rutgers,10/28/2017,H
418,Michigan,428,Minnesota,11/4/2017,H
418,Michigan,392,Maryland,11/11/2017,A
418,Michigan,796,Wisconsin,11/18/2017,A
418,Michigan,518,Ohio St.,11/25/2017,H
416,Michigan St.,71,Bowling Green,9/2/2017,H
416,Michigan St.,774,W. Michigan,9/9/2017,H
416,Michigan St.,513,Notre Dame,9/23/2017,H
416,Michigan St.,312,Iowa,9/30/2017,H
416,Michigan St.,418,Michigan,10/7/2017,A
416,Michigan St.,428,Minnesota,10/14/2017,A
416,Michigan St.,306,Indiana,10/21/2017,H
416,Michigan St.,509,Northwestern,10/28/2017,A
416,Michigan St.,539,Penn St.,11/4/2017,H
416,Michigan St.,518,Ohio St.,11/11/2017,A
416,Michigan St.,392,Maryland,11/18/2017,H
416,Michigan St.,587,Rutgers,11/25/2017,A
419,Middle Tenn. St.,736,Vanderbilt,9/2/2017,H
419,Middle Tenn. St.,688,Syracuse,9/9/2017,A
419,Middle Tenn. St.,428,Minnesota,9/16/2017,A
419,Middle Tenn. St.,71,Bowling Green,9/23/2017,H
419,Middle Tenn. St.,229,Florida Atlantic,9/30/2017,A
419,Middle Tenn. St.,231,Florida Intl.,10/7/2017,H
419,Middle Tenn. St.,9,UAB,10/14/2017,A
419,Middle Tenn. St.,388,Marshall,10/20/2017,H
419,Middle Tenn. St.,704,UTEP,11/4/2017,H
419,Middle Tenn. St.,458,Charlotte,11/11/2017,A
419,Middle Tenn. St.,772,W. Kentucky,11/17/2017,A
419,Middle Tenn. St.,523,Old Dominion,11/25/2017,H
428,Minnesota,86,Buffalo,8/31/2017,H
428,Minnesota,528,Oregon St.,9/9/2017,A
428,Minnesota,419,Middle Tenn. St.,9/16/2017,H
428,Minnesota,392,Maryland,9/30/2017,H
428,Minnesota,559,Purdue,10/7/2017,A
428,Minnesota,416,Michigan St.,10/14/2017,H
428,Minnesota,301,Illinois,10/21/2017,H
428,Minnesota,312,Iowa,10/28/2017,A
428,Minnesota,418,Michigan,11/4/2017,A
428,Minnesota,463,Nebraska,11/11/2017,H
428,Minnesota,509,Northwestern,11/18/2017,A
428,Minnesota,796,Wisconsin,11/25/2017,H
430,Mississippi St.,48,Charleston So.,9/2/2017,H
430,Mississippi St.,366,Louisiana Tech,9/9/2017,A
430,Mississippi St.,365,LSU,9/16/2017,H
430,Mississippi St.,257,Georgia,9/23/2017,A
430,Mississippi St.,37,Auburn,9/30/2017,A
430,Mississippi St.,77,BYU,10/14/2017,H
430,Mississippi St.,334,Kentucky,10/21/2017,H
430,Mississippi St.,697,Texas A&M,10/28/2017,A
430,Mississippi St.,400,UMass,11/4/2017,H
430,Mississippi St.,8,Alabama,11/11/2017,H
430,Mississippi St.,31,Arkansas,11/18/2017,A
430,Mississippi St.,433,Mississippi,11/23/2017,H
434,Missouri,669,Missouri St.,9/2/2017,H
434,Missouri,648,South Carolina,9/9/2017,H
434,Missouri,559,Purdue,9/16/2017,H
434,Missouri,37,Auburn,9/23/2017,H
434,Missouri,334,Kentucky,10/7/2017,A
434,Missouri,257,Georgia,10/14/2017,A
434,Missouri,295,Idaho,10/21/2017,H
434,Missouri,164,Connecticut,10/28/2017,A
434,Missouri,235,Florida,11/4/2017,H
434,Missouri,694,Tennessee,11/11/2017,H
434,Missouri,736,Vanderbilt,11/18/2017,A
434,Missouri,31,Arkansas,11/24/2017,A
490,N.C. State,648,South Carolina,9/2/2017,N
490,N.C. State,388,Marshall,9/9/2017,H
490,N.C. State,244,Furman,9/16/2017,H
490,N.C. State,234,Florida St.,9/23/2017,A
490,N.C. State,688,Syracuse,9/30/2017,H
490,N.C. State,367,Louisville,10/5/2017,H
490,N.C. State,545,Pittsburgh,10/14/2017,A
490,N.C. State,513,Notre Dame,10/28/2017,A
490,N.C. State,147,Clemson,11/4/2017,H
490,N.C. State,67,Boston Coll.,11/11/2017,A
490,N.C. State,749,Wake Forest,11/18/2017,A
490,N.C. State,457,N. Carolina,11/25/2017,H
726,Navy,229,Florida Atlantic,9/1/2017,A
726,Navy,718,Tulane,9/9/2017,H
726,Navy,140,Cincinnati,9/23/2017,H
726,Navy,719,Tulsa,9/30/2017,A
726,Navy,721,Air Force,10/7/2017,H
726,Navy,404,Memphis,10/14/2017,A
726,Navy,128,UCF,10/21/2017,H
726,Navy,690,Temple,11/2/2017,A
726,Navy,663,SMU,11/11/2017,H
726,Navy,513,Notre Dame,11/18/2017,A
726,Navy,288,Houston,11/24/2017,A
726,Navy,725,Army,12/9/2017,N
463,Nebraska,30,Arkansas St.,9/2/2017,H
463,Nebraska,529,Oregon,9/9/2017,A
463,Nebraska,503,Northern Illinois,9/16/2017,H
463,Nebraska,587,Rutgers,9/23/2017,H
463,Nebraska,301,Illinois,9/29/2017,A
463,Nebraska,796,Wisconsin,10/7/2017,H
463,Nebraska,518,Ohio St.,10/14/2017,H
463,Nebraska,559,Purdue,10/28/2017,A
463,Nebraska,509,Northwestern,11/4/2017,H
463,Nebraska,428,Minnesota,11/11/2017,A
463,Nebraska,539,Penn St.,11/18/2017,A
463,Nebraska,312,Iowa,11/24/2017,H
466,Nevada,509,Northwestern,9/2/2017,A
466,Nevada,709,Toledo,9/9/2017,H
466,Nevada,294,Idaho St.,9/16/2017,H
466,Nevada,754,Washington St.,9/23/2017,A
466,Nevada,96,Fresno St.,9/30/2017,A
466,Nevada,277,Hawaii,10/7/2017,H
466,Nevada,156,Colorado St.,10/14/2017,A
466,Nevada,721,Air Force,10/20/2017,H
466,Nevada,66,Boise St.,11/4/2017,A
466,Nevada,630,San Jose St.,11/11/2017,H
466,Nevada,626,S. Diego St.,11/18/2017,A
466,Nevada,465,UNLV,11/25/2017,H
473,New Mexico,2,Abilene Christian,9/2/2017,H
473,New Mexico,472,N. Mex. St.,9/9/2017,H
473,New Mexico,66,Boise St.,9/14/2017,A
473,New Mexico,719,Tulsa,9/23/2017,A
473,New Mexico,721,Air Force,9/30/2017,H
473,New Mexico,96,Fresno St.,10/14/2017,A
473,New Mexico,156,Colorado St.,10/20/2017,H
473,New Mexico,811,Wyoming,10/28/2017,A
473,New Mexico,731,Utah St.,11/4/2017,H
473,New Mexico,697,Texas A&M,11/11/2017,A
473,New Mexico,465,UNLV,11/17/2017,H
473,New Mexico,626,S. Diego St.,11/24/2017,A
472,N. Mex. St.,28,Arizona St.,8/31/2017,A
472,N. Mex. St.,473,New Mexico,9/9/2017,A
472,N. Mex. St.,716,Troy,9/16/2017,H
472,N. Mex. St.,704,UTEP,9/23/2017,H
472,N. Mex. St.,31,Arkansas,9/30/2017,A
472,N. Mex. St.,27,Appalachian St.,10/7/2017,A
472,N. Mex. St.,253,Georgia Southern,10/14/2017,A
472,N. Mex. St.,30,Arkansas St.,10/28/2017,H
472,N. Mex. St.,670,Texas St.,11/4/2017,A
472,N. Mex. St.,671,La Lafayette,11/18/2017,A
472,N. Mex. St.,295,Idaho,11/25/2017,H
472,N. Mex. St.,646,South Alabama,12/2/2017,H
457,N. Carolina,107,California,9/2/2017,H
457,N. Carolina,367,Louisville,9/9/2017,H
457,N. Carolina,523,Old Dominion,9/16/2017,A
457,N. Carolina,193,Duke,9/23/2017,H
457,N. Carolina,255,Georgia Tech,9/30/2017,A
457,N. Carolina,513,Notre Dame,10/7/2017,H
457,N. Carolina,746,Virginia,10/14/2017,H
457,N. Carolina,742,Virginia Tech,10/21/2017,A
457,N. Carolina,415,Miami (FL),10/28/2017,H
457,N. Carolina,545,Pittsburgh,11/9/2017,A
457,N. Carolina,769,Western Caro.,11/18/2017,H
457,N. Carolina,490,N.C. State,11/25/2017,A
497,North Texas,346,Lamar University,9/2/2017,H
497,North Texas,663,SMU,9/9/2017,A
497,North Texas,312,Iowa,9/16/2017,A
497,North Texas,9,UAB,9/23/2017,H
497,North Texas,664,Southern Miss,9/30/2017,A
497,North Texas,706,UTSA,10/14/2017,H
497,North Texas,229,Florida Atlantic,10/21/2017,A
497,North Texas,523,Old Dominion,10/28/2017,H
497,North Texas,366,Louisiana Tech,11/4/2017,A
497,North Texas,704,UTEP,11/11/2017,H
497,North Texas,725,Army,11/18/2017,H
497,North Texas,574,Rice,11/25/2017,A
503,Northern Illinois,67,Boston Coll.,9/1/2017,H
503,Northern Illinois,201,Eastern Ill.,9/9/2017,H
503,Northern Illinois,463,Nebraska,9/16/2017,A
503,Northern Illinois,626,S. Diego St.,9/30/2017,A
503,Northern Illinois,331,Kent St.,10/7/2017,H
503,Northern Illinois,86,Buffalo,10/14/2017,A
503,Northern Illinois,71,Bowling Green,10/21/2017,A
503,Northern Illinois,204,East. Michigan,10/26/2017,H
503,Northern Illinois,709,Toledo,11/2/2017,A
503,Northern Illinois,47,Ball St.,11/9/2017,H
503,Northern Illinois,774,W. Michigan,11/15/2017,H
503,Northern Illinois,129,Cent. Michigan,11/24/2017,A
509,Northwestern,466,Nevada,9/2/2017,H
509,Northwestern,193,Duke,9/9/2017,A
509,Northwestern,71,Bowling Green,9/16/2017,H
509,Northwestern,796,Wisconsin,9/30/2017,A
509,Northwestern,539,Penn St.,10/7/2017,H
509,Northwestern,392,Maryland,10/14/2017,A
509,Northwestern,312,Iowa,10/21/2017,H
509,Northwestern,416,Michigan St.,10/28/2017,H
509,Northwestern,463,Nebraska,11/4/2017,A
509,Northwestern,559,Purdue,11/11/2017,H
509,Northwestern,428,Minnesota,11/18/2017,H
509,Northwestern,301,Illinois,11/25/2017,A
513,Notre Dame,690,Temple,9/2/2017,H
513,Notre Dame,257,Georgia,9/9/2017,H
513,Notre Dame,67,Boston Coll.,9/16/2017,A
513,Notre Dame,416,Michigan St.,9/23/2017,A
513,Notre Dame,414,Miami (OH),9/30/2017,H
513,Notre Dame,457,N. Carolina,10/7/2017,A
513,Notre Dame,657,USC,10/21/2017,H
513,Notre Dame,490,N.C. State,10/28/2017,H
513,Notre Dame,749,Wake Forest,11/4/2017,H
513,Notre Dame,415,Miami (FL),11/11/2017,A
513,Notre Dame,726,Navy,11/18/2017,H
513,Notre Dame,674,Stanford,11/25/2017,A
519,Ohio,270,Hampton,9/2/2017,H
519,Ohio,559,Purdue,9/8/2017,A
519,Ohio,328,Kansas,9/16/2017,H
519,Ohio,204,East. Michigan,9/23/2017,A
519,Ohio,400,UMass,9/30/2017,A
519,Ohio,129,Cent. Michigan,10/7/2017,H
519,Ohio,71,Bowling Green,10/14/2017,A
519,Ohio,331,Kent St.,10/21/2017,H
519,Ohio,414,Miami (OH),10/31/2017,H
519,Ohio,709,Toledo,11/8/2017,H
519,Ohio,5,Akron,11/14/2017,A
519,Ohio,86,Buffalo,11/24/2017,A
518,Ohio St.,306,Indiana,8/31/2017,A
518,Ohio St.,522,Oklahoma,9/9/2017,H
518,Ohio St.,725,Army,9/16/2017,H
518,Ohio St.,465,UNLV,9/23/2017,H
518,Ohio St.,587,Rutgers,9/30/2017,A
518,Ohio St.,392,Maryland,10/7/2017,H
518,Ohio St.,463,Nebraska,10/14/2017,A
518,Ohio St.,539,Penn St.,10/28/2017,H
518,Ohio St.,312,Iowa,11/4/2017,A
518,Ohio St.,416,Michigan St.,11/11/2017,H
518,Ohio St.,301,Illinois,11/18/2017,H
518,Ohio St.,418,Michigan,11/25/2017,A
522,Oklahoma,704,UTEP,9/2/2017,H
522,Oklahoma,518,Ohio St.,9/9/2017,A
522,Oklahoma,718,Tulane,9/16/2017,H
522,Oklahoma,51,Baylor,9/23/2017,A
522,Oklahoma,311,Iowa St.,10/7/2017,H
522,Oklahoma,703,Texas,10/14/2017,N
522,Oklahoma,327,Kansas St.,10/21/2017,A
522,Oklahoma,700,Texas Tech,10/28/2017,H
522,Oklahoma,521,Oklahoma St.,11/4/2017,A
522,Oklahoma,698,TCU,11/11/2017,H
522,Oklahoma,328,Kansas,11/18/2017,A
522,Oklahoma,768,West Virginia,11/25/2017,H
521,Oklahoma St.,719,Tulsa,8/31/2017,H
521,Oklahoma St.,646,South Alabama,9/8/2017,A
521,Oklahoma St.,545,Pittsburgh,9/16/2017,A
521,Oklahoma St.,698,TCU,9/23/2017,H
521,Oklahoma St.,700,Texas Tech,9/30/2017,A
521,Oklahoma St.,51,Baylor,10/14/2017,H
521,Oklahoma St.,703,Texas,10/21/2017,A
521,Oklahoma St.,768,West Virginia,10/28/2017,A
521,Oklahoma St.,522,Oklahoma,11/4/2017,H
521,Oklahoma St.,311,Iowa St.,11/11/2017,A
521,Oklahoma St.,327,Kansas St.,11/18/2017,H
521,Oklahoma St.,328,Kansas,11/25/2017,H
523,Old Dominion,14,Albany (NY),9/2/2017,H
523,Old Dominion,400,UMass,9/9/2017,A
523,Old Dominion,457,N. Carolina,9/16/2017,H
523,Old Dominion,742,Virginia Tech,9/23/2017,A
523,Old Dominion,229,Florida Atlantic,10/7/2017,H
523,Old Dominion,388,Marshall,10/14/2017,A
523,Old Dominion,772,W. Kentucky,10/20/2017,H
523,Old Dominion,497,North Texas,10/28/2017,A
523,Old Dominion,458,Charlotte,11/4/2017,H
523,Old Dominion,231,Florida Intl.,11/11/2017,A
523,Old Dominion,574,Rice,11/18/2017,H
523,Old Dominion,419,Middle Tenn. St.,11/25/2017,A
433,Mississippi,646,South Alabama,9/2/2017,H
433,Mississippi,695,UT Martin,9/9/2017,H
433,Mississippi,107,California,9/16/2017,A
433,Mississippi,8,Alabama,9/30/2017,A
433,Mississippi,37,Auburn,10/7/2017,A
433,Mississippi,736,Vanderbilt,10/14/2017,H
433,Mississippi,365,LSU,10/21/2017,H
433,Mississippi,31,Arkansas,10/28/2017,H
433,Mississippi,334,Kentucky,11/4/2017,A
433,Mississippi,671,La Lafayette,11/11/2017,H
433,Mississippi,697,Texas A&M,11/18/2017,H
433,Mississippi,430,Mississippi St.,11/23/2017,A
529,Oregon,667,Southern Utah,9/2/2017,H
529,Oregon,463,Nebraska,9/9/2017,H
529,Oregon,811,Wyoming,9/16/2017,A
529,Oregon,28,Arizona St.,9/23/2017,A
529,Oregon,107,California,9/30/2017,H
529,Oregon,754,Washington St.,10/7/2017,H
529,Oregon,674,Stanford,10/14/2017,A
529,Oregon,110,UCLA,10/21/2017,A
529,Oregon,732,Utah,10/28/2017,H
529,Oregon,756,Washington,11/4/2017,A
529,Oregon,29,Arizona,11/18/2017,H
529,Oregon,528,Oregon St.,11/25/2017,H
528,Oregon St.,156,Colorado St.,8/26/2017,A
528,Oregon St.,550,Portland St.,9/2/2017,H
528,Oregon St.,428,Minnesota,9/9/2017,H
528,Oregon St.,754,Washington St.,9/16/2017,A
528,Oregon St.,756,Washington,9/30/2017,H
528,Oregon St.,657,USC,10/7/2017,A
528,Oregon St.,157,Colorado,10/14/2017,H
528,Oregon St.,674,Stanford,10/26/2017,H
528,Oregon St.,107,California,11/4/2017,A
528,Oregon St.,29,Arizona,11/11/2017,A
528,Oregon St.,28,Arizona St.,11/18/2017,H
528,Oregon St.,529,Oregon,11/25/2017,A
539,Penn St.,5,Akron,9/2/2017,H
539,Penn St.,545,Pittsburgh,9/9/2017,H
539,Penn St.,254,Georgia St.,9/16/2017,H
539,Penn St.,312,Iowa,9/23/2017,A
539,Penn St.,306,Indiana,9/30/2017,H
539,Penn St.,509,Northwestern,10/7/2017,A
539,Penn St.,418,Michigan,10/21/2017,H
539,Penn St.,518,Ohio St.,10/28/2017,A
539,Penn St.,416,Michigan St.,11/4/2017,A
539,Penn St.,587,Rutgers,11/11/2017,H
539,Penn St.,463,Nebraska,11/18/2017,H
539,Penn St.,392,Maryland,11/25/2017,A
545,Pittsburgh,817,Youngstown St.,9/2/2017,H
545,Pittsburgh,539,Penn St.,9/9/2017,A
545,Pittsburgh,521,Oklahoma St.,9/16/2017,H
545,Pittsburgh,255,Georgia Tech,9/23/2017,A
545,Pittsburgh,574,Rice,9/30/2017,H
545,Pittsburgh,688,Syracuse,10/7/2017,A
545,Pittsburgh,490,N.C. State,10/14/2017,H
545,Pittsburgh,193,Duke,10/21/2017,A
545,Pittsburgh,746,Virginia,10/28/2017,H
545,Pittsburgh,457,N. Carolina,11/9/2017,H
545,Pittsburgh,742,Virginia Tech,11/18/2017,A
545,Pittsburgh,415,Miami (FL),11/24/2017,H
559,Purdue,367,Louisville,9/2/2017,N
559,Purdue,519,Ohio,9/8/2017,H
559,Purdue,434,Missouri,9/16/2017,A
559,Purdue,418,Michigan,9/23/2017,H
559,Purdue,428,Minnesota,10/7/2017,H
559,Purdue,796,Wisconsin,10/14/2017,A
559,Purdue,587,Rutgers,10/21/2017,A
559,Purdue,463,Nebraska,10/28/2017,H
559,Purdue,301,Illinois,11/4/2017,H
559,Purdue,509,Northwestern,11/11/2017,A
559,Purdue,312,Iowa,11/18/2017,A
559,Purdue,306,Indiana,11/25/2017,H
574,Rice,674,Stanford,8/26/2017,N
574,Rice,704,UTEP,9/9/2017,A
574,Rice,288,Houston,9/16/2017,A
574,Rice,231,Florida Intl.,9/23/2017,H
574,Rice,545,Pittsburgh,9/30/2017,A
574,Rice,725,Army,10/7/2017,H
574,Rice,706,UTSA,10/21/2017,A
574,Rice,366,Louisiana Tech,10/28/2017,H
574,Rice,9,UAB,11/4/2017,A
574,Rice,664,Southern Miss,11/11/2017,H
574,Rice,523,Old Dominion,11/18/2017,A
574,Rice,497,North Texas,11/25/2017,H
587,Rutgers,756,Washington,9/1/2017,H
587,Rutgers,204,East. Michigan,9/9/2017,H
587,Rutgers,446,Morgan St.,9/16/2017,H
587,Rutgers,463,Nebraska,9/23/2017,A
587,Rutgers,518,Ohio St.,9/30/2017,H
587,Rutgers,301,Illinois,10/14/2017,A
587,Rutgers,559,Purdue,10/21/2017,H
587,Rutgers,418,Michigan,10/28/2017,A
587,Rutgers,392,Maryland,11/4/2017,H
587,Rutgers,539,Penn St.,11/11/2017,A
587,Rutgers,306,Indiana,11/18/2017,A
587,Rutgers,416,Michigan St.,11/25/2017,H
663,SMU,676,SFA,9/2/2017,H
663,SMU,497,North Texas,9/9/2017,H
663,SMU,698,TCU,9/16/2017,A
663,SMU,30,Arkansas St.,9/23/2017,H
663,SMU,164,Connecticut,9/30/2017,H
663,SMU,288,Houston,10/7/2017,A
663,SMU,140,Cincinnati,10/21/2017,A
663,SMU,719,Tulsa,10/27/2017,H
663,SMU,128,UCF,11/4/2017,H
663,SMU,726,Navy,11/11/2017,A
663,SMU,404,Memphis,11/18/2017,A
663,SMU,718,Tulane,11/25/2017,H
626,S. Diego St.,108,UC Davis,9/2/2017,H
626,S. Diego St.,28,Arizona St.,9/9/2017,A
626,S. Diego St.,674,Stanford,9/16/2017,H
626,S. Diego St.,721,Air Force,9/23/2017,A
626,S. Diego St.,503,Northern Illinois,9/30/2017,H
626,S. Diego St.,465,UNLV,10/7/2017,A
626,S. Diego St.,66,Boise St.,10/14/2017,H
626,S. Diego St.,96,Fresno St.,10/21/2017,H
626,S. Diego St.,277,Hawaii,10/28/2017,A
626,S. Diego St.,630,San Jose St.,11/4/2017,A
626,S. Diego St.,466,Nevada,11/18/2017,H
626,S. Diego St.,473,New Mexico,11/24/2017,H
630,San Jose St.,651,South Florida,8/26/2017,H
630,San Jose St.,90,Cal Poly,9/2/2017,H
630,San Jose St.,703,Texas,9/9/2017,A
630,San Jose St.,732,Utah,9/16/2017,A
630,San Jose St.,731,Utah St.,9/23/2017,H
630,San Jose St.,465,UNLV,9/30/2017,A
630,San Jose St.,96,Fresno St.,10/7/2017,H
630,San Jose St.,277,Hawaii,10/14/2017,A
630,San Jose St.,77,BYU,10/28/2017,A
630,San Jose St.,626,S. Diego St.,11/4/2017,H
630,San Jose St.,466,Nevada,11/11/2017,A
630,San Jose St.,156,Colorado St.,11/18/2017,A
630,San Jose St.,811,Wyoming,11/25/2017,H
646,South Alabama,433,Mississippi,9/2/2017,A
646,South Alabama,521,Oklahoma St.,9/8/2017,H
646,South Alabama,6,Alabama A&M,9/16/2017,H
646,South Alabama,295,Idaho,9/23/2017,H
646,South Alabama,366,Louisiana Tech,9/30/2017,A
646,South Alabama,716,Troy,10/11/2017,A
646,South Alabama,498,LA Monroe,10/21/2017,H
646,South Alabama,254,Georgia St.,10/26/2017,A
646,South Alabama,671,La Lafayette,11/4/2017,H
646,South Alabama,30,Arkansas St.,11/11/2017,H
646,South Alabama,253,Georgia Southern,11/18/2017,A
646,South Alabama,472,N. Mex. St.,12/2/2017,A
648,South Carolina,490,N.C. State,9/2/2017,N
648,South Carolina,434,Missouri,9/9/2017,A
648,South Carolina,334,Kentucky,9/16/2017,H
648,South Carolina,366,Louisiana Tech,9/23/2017,H
648,South Carolina,697,Texas A&M,9/30/2017,A
648,South Carolina,31,Arkansas,10/7/2017,H
648,South Carolina,694,Tennessee,10/14/2017,A
648,South Carolina,736,Vanderbilt,10/28/2017,H
648,South Carolina,257,Georgia,11/4/2017,A
648,South Carolina,235,Florida,11/11/2017,H
648,South Carolina,2915,Wofford,11/18/2017,H
648,South Carolina,147,Clemson,11/25/2017,H
651,South Florida,630,San Jose St.,8/26/2017,A
651,South Florida,683,Stony Brook,9/2/2017,H
651,South Florida,164,Connecticut,9/9/2017,A
651,South Florida,301,Illinois,9/15/2017,H
651,South Florida,690,Temple,9/21/2017,H
651,South Florida,196,East Carolina,9/30/2017,A
651,South Florida,400,UMass,10/14/2017,H
651,South Florida,718,Tulane,10/21/2017,A
651,South Florida,140,Cincinnati,10/28/2017,H
651,South Florida,288,Houston,11/4/2017,H
651,South Florida,719,Tulsa,11/16/2017,H
651,South Florida,128,UCF,11/24/2017,A
657,USC,774,W. Michigan,9/2/2017,H
657,USC,674,Stanford,9/9/2017,H
657,USC,703,Texas,9/16/2017,H
657,USC,107,California,9/23/2017,A
657,USC,754,Washington St.,9/29/2017,A
657,USC,528,Oregon St.,10/7/2017,H
657,USC,732,Utah,10/14/2017,H
657,USC,513,Notre Dame,10/21/2017,A
657,USC,28,Arizona St.,10/28/2017,A
657,USC,29,Arizona,11/4/2017,H
657,USC,157,Colorado,11/11/2017,A
657,USC,110,UCLA,11/18/2017,H
664,Southern Miss,334,Kentucky,9/2/2017,H
664,Southern Miss,665,Southern U.,9/9/2017,H
664,Southern Miss,498,LA Monroe,9/16/2017,A
664,Southern Miss,497,North Texas,9/30/2017,H
664,Southern Miss,706,UTSA,10/7/2017,A
664,Southern Miss,704,UTEP,10/14/2017,H
664,Southern Miss,366,Louisiana Tech,10/21/2017,A
664,Southern Miss,9,UAB,10/28/2017,H
664,Southern Miss,694,Tennessee,11/4/2017,A
664,Southern Miss,574,Rice,11/11/2017,A
664,Southern Miss,458,Charlotte,11/18/2017,H
664,Southern Miss,388,Marshall,11/25/2017,A
674,Stanford,574,Rice,8/26/2017,N
674,Stanford,657,USC,9/9/2017,A
674,Stanford,626,S. Diego St.,9/16/2017,A
674,Stanford,110,UCLA,9/23/2017,H
674,Stanford,28,Arizona St.,9/30/2017,H
674,Stanford,732,Utah,10/7/2017,A
674,Stanford,529,Oregon,10/14/2017,H
674,Stanford,528,Oregon St.,10/26/2017,A
674,Stanford,754,Washington St.,11/4/2017,A
674,Stanford,756,Washington,11/10/2017,H
674,Stanford,107,California,11/18/2017,H
674,Stanford,513,Notre Dame,11/25/2017,H
688,Syracuse,127,Central Conn. St.,9/1/2017,H
688,Syracuse,419,Middle Tenn. St.,9/9/2017,H
688,Syracuse,129,Cent. Michigan,9/16/2017,H
688,Syracuse,365,LSU,9/23/2017,A
688,Syracuse,490,N.C. State,9/30/2017,A
688,Syracuse,545,Pittsburgh,10/7/2017,H
688,Syracuse,147,Clemson,10/13/2017,H
688,Syracuse,415,Miami (FL),10/21/2017,A
688,Syracuse,234,Florida St.,11/4/2017,A
688,Syracuse,749,Wake Forest,11/11/2017,H
688,Syracuse,367,Louisville,11/18/2017,A
688,Syracuse,67,Boston Coll.,11/25/2017,H
698,TCU,314,Jackson St.,9/2/2017,H
698,TCU,31,Arkansas,9/9/2017,A
698,TCU,663,SMU,9/16/2017,H
698,TCU,521,Oklahoma St.,9/23/2017,A
698,TCU,768,West Virginia,10/7/2017,H
698,TCU,327,Kansas St.,10/14/2017,A
698,TCU,328,Kansas,10/21/2017,H
698,TCU,311,Iowa St.,10/28/2017,A
698,TCU,703,Texas,11/4/2017,H
698,TCU,522,Oklahoma,11/11/2017,A
698,TCU,700,Texas Tech,11/18/2017,A
698,TCU,51,Baylor,11/24/2017,H
690,Temple,513,Notre Dame,9/2/2017,A
690,Temple,739,Villanova,9/9/2017,H
690,Temple,400,UMass,9/15/2017,H
690,Temple,651,South Florida,9/21/2017,A
690,Temple,288,Houston,9/30/2017,H
690,Temple,196,East Carolina,10/7/2017,A
690,Temple,164,Connecticut,10/14/2017,H
690,Temple,725,Army,10/21/2017,A
690,Temple,726,Navy,11/2/2017,H
690,Temple,140,Cincinnati,11/10/2017,A
690,Temple,128,UCF,11/18/2017,H
690,Temple,719,Tulsa,11/25/2017,A
694,Tennessee,255,Georgia Tech,9/4/2017,N
694,Tennessee,305,Indiana St.,9/9/2017,H
694,Tennessee,235,Florida,9/16/2017,A
694,Tennessee,400,UMass,9/23/2017,H
694,Tennessee,257,Georgia,9/30/2017,H
694,Tennessee,648,South Carolina,10/14/2017,H
694,Tennessee,8,Alabama,10/21/2017,A
694,Tennessee,334,Kentucky,10/28/2017,A
694,Tennessee,664,Southern Miss,11/4/2017,H
694,Tennessee,434,Missouri,11/11/2017,A
694,Tennessee,365,LSU,11/18/2017,H
694,Tennessee,736,Vanderbilt,11/25/2017,H
703,Texas,392,Maryland,9/2/2017,H
703,Texas,630,San Jose St.,9/9/2017,H
703,Texas,657,USC,9/16/2017,A
703,Texas,311,Iowa St.,9/28/2017,A
703,Texas,327,Kansas St.,10/7/2017,H
703,Texas,522,Oklahoma,10/14/2017,N
703,Texas,521,Oklahoma St.,10/21/2017,H
703,Texas,51,Baylor,10/28/2017,A
703,Texas,698,TCU,11/4/2017,A
703,Texas,328,Kansas,11/11/2017,H
703,Texas,768,West Virginia,11/18/2017,A
703,Texas,700,Texas Tech,11/24/2017,H
697,Texas A&M,110,UCLA,9/3/2017,A
697,Texas A&M,483,Nicholls St.,9/9/2017,H
697,Texas A&M,671,La Lafayette,9/16/2017,H
697,Texas A&M,31,Arkansas,9/23/2017,N
697,Texas A&M,648,South Carolina,9/30/2017,H
697,Texas A&M,8,Alabama,10/7/2017,H
697,Texas A&M,235,Florida,10/14/2017,A
697,Texas A&M,430,Mississippi St.,10/28/2017,H
697,Texas A&M,37,Auburn,11/4/2017,H
697,Texas A&M,473,New Mexico,11/11/2017,H
697,Texas A&M,433,Mississippi,11/18/2017,A
697,Texas A&M,365,LSU,11/25/2017,A
670,Texas St.,287,Houston Baptist,9/2/2017,H
670,Texas St.,157,Colorado,9/9/2017,A
670,Texas St.,27,Appalachian St.,9/16/2017,H
670,Texas St.,706,UTSA,9/23/2017,H
670,Texas St.,811,Wyoming,9/30/2017,A
670,Texas St.,498,LA Monroe,10/7/2017,H
670,Texas St.,671,La Lafayette,10/12/2017,A
670,Texas St.,149,Coastal Car.,10/28/2017,A
670,Texas St.,472,N. Mex. St.,11/4/2017,H
670,Texas St.,254,Georgia St.,11/11/2017,H
670,Texas St.,30,Arkansas St.,11/18/2017,A
670,Texas St.,716,Troy,11/24/2017,A
700,Texas Tech,207,Eastern Wash.,9/2/2017,H
700,Texas Tech,28,Arizona St.,9/16/2017,H
700,Texas Tech,288,Houston,9/23/2017,A
700,Texas Tech,521,Oklahoma St.,9/30/2017,H
700,Texas Tech,328,Kansas,10/7/2017,A
700,Texas Tech,768,West Virginia,10/14/2017,A
700,Texas Tech,311,Iowa St.,10/21/2017,H
700,Texas Tech,522,Oklahoma,10/28/2017,A
700,Texas Tech,327,Kansas St.,11/4/2017,H
700,Texas Tech,51,Baylor,11/11/2017,N
700,Texas Tech,698,TCU,11/18/2017,H
700,Texas Tech,703,Texas,11/24/2017,A
709,Toledo,1068,Elon,8/31/2017,H
709,Toledo,466,Nevada,9/9/2017,A
709,Toledo,719,Tulsa,9/16/2017,H
709,Toledo,415,Miami (FL),9/23/2017,A
709,Toledo,204,East. Michigan,10/7/2017,H
709,Toledo,129,Cent. Michigan,10/14/2017,A
709,Toledo,5,Akron,10/21/2017,H
709,Toledo,47,Ball St.,10/26/2017,A
709,Toledo,503,Northern Illinois,11/2/2017,H
709,Toledo,519,Ohio,11/8/2017,A
709,Toledo,71,Bowling Green,11/15/2017,A
709,Toledo,774,W. Michigan,11/24/2017,H
716,Troy,66,Boise St.,9/2/2017,A
716,Troy,7,Alabama St.,9/9/2017,H
716,Troy,472,N. Mex. St.,9/16/2017,A
716,Troy,5,Akron,9/23/2017,H
716,Troy,365,LSU,9/30/2017,A
716,Troy,646,South Alabama,10/11/2017,H
716,Troy,254,Georgia St.,10/21/2017,A
716,Troy,253,Georgia Southern,10/28/2017,H
716,Troy,295,Idaho,11/2/2017,H
716,Troy,149,Coastal Car.,11/11/2017,A
716,Troy,670,Texas St.,11/24/2017,H
716,Troy,30,Arkansas St.,12/2/2017,A
718,Tulane,261,Grambling,9/2/2017,H
718,Tulane,726,Navy,9/9/2017,A
718,Tulane,522,Oklahoma,9/16/2017,A
718,Tulane,725,Army,9/23/2017,H
718,Tulane,719,Tulsa,10/7/2017,H
718,Tulane,231,Florida Intl.,10/14/2017,A
718,Tulane,651,South Florida,10/21/2017,H
718,Tulane,404,Memphis,10/27/2017,A
718,Tulane,140,Cincinnati,11/4/2017,H
718,Tulane,196,East Carolina,11/11/2017,A
718,Tulane,288,Houston,11/18/2017,H
718,Tulane,663,SMU,11/25/2017,A
719,Tulsa,521,Oklahoma St.,8/31/2017,A
719,Tulsa,671,La Lafayette,9/9/2017,H
719,Tulsa,709,Toledo,9/16/2017,A
719,Tulsa,473,New Mexico,9/23/2017,H
719,Tulsa,726,Navy,9/30/2017,H
719,Tulsa,718,Tulane,10/7/2017,A
719,Tulsa,288,Houston,10/14/2017,H
719,Tulsa,164,Connecticut,10/21/2017,A
719,Tulsa,663,SMU,10/27/2017,A
719,Tulsa,404,Memphis,11/3/2017,H
719,Tulsa,651,South Florida,11/16/2017,A
719,Tulsa,690,Temple,11/25/2017,H
9,UAB,6,Alabama A&M,9/2/2017,H
9,UAB,47,Ball St.,9/9/2017,A
9,UAB,149,Coastal Car.,9/16/2017,H
9,UAB,497,North Texas,9/23/2017,A
9,UAB,366,Louisiana Tech,10/7/2017,H
9,UAB,419,Middle Tenn. St.,10/14/2017,H
9,UAB,458,Charlotte,10/21/2017,A
9,UAB,664,Southern Miss,10/28/2017,A
9,UAB,574,Rice,11/4/2017,H
9,UAB,706,UTSA,11/11/2017,A
9,UAB,235,Florida,11/18/2017,A
9,UAB,704,UTEP,11/25/2017,H
128,UCF,231,Florida Intl.,8/31/2017,H
128,UCF,404,Memphis,9/9/2017,H
128,UCF,255,Georgia Tech,9/16/2017,H
128,UCF,392,Maryland,9/23/2017,A
128,UCF,380,Maine,9/30/2017,H
128,UCF,140,Cincinnati,10/7/2017,A
128,UCF,196,East Carolina,10/14/2017,H
128,UCF,726,Navy,10/21/2017,A
128,UCF,663,SMU,11/4/2017,A
128,UCF,164,Connecticut,11/11/2017,H
128,UCF,690,Temple,11/18/2017,A
128,UCF,651,South Florida,11/24/2017,H
110,UCLA,697,Texas A&M,9/3/2017,H
110,UCLA,277,Hawaii,9/9/2017,H
110,UCLA,404,Memphis,9/16/2017,A
110,UCLA,674,Stanford,9/23/2017,A
110,UCLA,157,Colorado,9/30/2017,H
110,UCLA,29,Arizona,10/14/2017,A
110,UCLA,529,Oregon,10/21/2017,H
110,UCLA,756,Washington,10/28/2017,A
110,UCLA,732,Utah,11/3/2017,A
110,UCLA,28,Arizona St.,11/11/2017,H
110,UCLA,657,USC,11/18/2017,A
110,UCLA,107,California,11/24/2017,H
164,Connecticut,285,Holy Cross,8/31/2017,H
164,Connecticut,651,South Florida,9/9/2017,H
164,Connecticut,746,Virginia,9/16/2017,A
164,Connecticut,663,SMU,9/30/2017,A
164,Connecticut,404,Memphis,10/6/2017,H
164,Connecticut,690,Temple,10/14/2017,A
164,Connecticut,719,Tulsa,10/21/2017,H
164,Connecticut,434,Missouri,10/28/2017,H
164,Connecticut,196,East Carolina,11/4/2017,H
164,Connecticut,128,UCF,11/11/2017,A
164,Connecticut,67,Boston Coll.,11/18/2017,N
164,Connecticut,140,Cincinnati,11/25/2017,A
465,UNLV,290,Howard,9/2/2017,H
465,UNLV,295,Idaho,9/9/2017,A
465,UNLV,518,Ohio St.,9/23/2017,A
465,UNLV,630,San Jose St.,9/30/2017,H
465,UNLV,626,S. Diego St.,10/7/2017,H
465,UNLV,721,Air Force,10/14/2017,A
465,UNLV,731,Utah St.,10/21/2017,H
465,UNLV,96,Fresno St.,10/28/2017,A
465,UNLV,277,Hawaii,11/4/2017,H
465,UNLV,77,BYU,11/10/2017,H
465,UNLV,473,New Mexico,11/17/2017,A
465,UNLV,466,Nevada,11/25/2017,A
704,UTEP,522,Oklahoma,9/2/2017,A
704,UTEP,574,Rice,9/9/2017,H
704,UTEP,29,Arizona,9/15/2017,H
704,UTEP,472,N. Mex. St.,9/23/2017,A
704,UTEP,725,Army,9/30/2017,A
704,UTEP,772,W. Kentucky,10/7/2017,H
704,UTEP,664,Southern Miss,10/14/2017,A
704,UTEP,706,UTSA,10/28/2017,H
704,UTEP,419,Middle Tenn. St.,11/4/2017,A
704,UTEP,497,North Texas,11/11/2017,A
704,UTEP,366,Louisiana Tech,11/18/2017,H
704,UTEP,9,UAB,11/25/2017,A
706,UTSA,288,Houston,9/2/2017,H
706,UTSA,51,Baylor,9/9/2017,A
706,UTSA,665,Southern U.,9/16/2017,H
706,UTSA,670,Texas St.,9/23/2017,A
706,UTSA,664,Southern Miss,10/7/2017,H
706,UTSA,497,North Texas,10/14/2017,A
706,UTSA,574,Rice,10/21/2017,H
706,UTSA,704,UTEP,10/28/2017,A
706,UTSA,231,Florida Intl.,11/4/2017,A
706,UTSA,9,UAB,11/11/2017,H
706,UTSA,388,Marshall,11/18/2017,H
706,UTSA,366,Louisiana Tech,11/25/2017,A
732,Utah,494,North Dakota,8/31/2017,H
732,Utah,77,BYU,9/9/2017,A
732,Utah,630,San Jose St.,9/16/2017,H
732,Utah,29,Arizona,9/22/2017,A
732,Utah,674,Stanford,10/7/2017,H
732,Utah,657,USC,10/14/2017,A
732,Utah,28,Arizona St.,10/21/2017,H
732,Utah,529,Oregon,10/28/2017,A
732,Utah,110,UCLA,11/3/2017,H
732,Utah,754,Washington St.,11/11/2017,H
732,Utah,756,Washington,11/18/2017,A
732,Utah,157,Colorado,11/25/2017,H
731,Utah St.,796,Wisconsin,9/1/2017,A
731,Utah St.,294,Idaho St.,9/7/2017,H
731,Utah St.,749,Wake Forest,9/16/2017,A
731,Utah St.,630,San Jose St.,9/23/2017,A
731,Utah St.,77,BYU,9/29/2017,H
731,Utah St.,156,Colorado St.,10/7/2017,H
731,Utah St.,811,Wyoming,10/14/2017,H
731,Utah St.,465,UNLV,10/21/2017,A
731,Utah St.,66,Boise St.,10/28/2017,H
731,Utah St.,473,New Mexico,11/4/2017,A
731,Utah St.,277,Hawaii,11/18/2017,H
731,Utah St.,721,Air Force,11/25/2017,A
736,Vanderbilt,419,Middle Tenn. St.,9/2/2017,A
736,Vanderbilt,6,Alabama A&M,9/9/2017,H
736,Vanderbilt,327,Kansas St.,9/16/2017,H
736,Vanderbilt,8,Alabama,9/23/2017,H
736,Vanderbilt,235,Florida,9/30/2017,A
736,Vanderbilt,257,Georgia,10/7/2017,H
736,Vanderbilt,433,Mississippi,10/14/2017,A
736,Vanderbilt,648,South Carolina,10/28/2017,A
736,Vanderbilt,772,W. Kentucky,11/4/2017,H
736,Vanderbilt,334,Kentucky,11/11/2017,H
736,Vanderbilt,434,Missouri,11/18/2017,H
736,Vanderbilt,694,Tennessee,11/25/2017,A
746,Virginia,786,William & Mary,9/2/2017,H
746,Virginia,306,Indiana,9/9/2017,H
746,Virginia,164,Connecticut,9/16/2017,H
746,Virginia,66,Boise St.,9/22/2017,A
746,Virginia,193,Duke,10/7/2017,H
746,Virginia,457,N. Carolina,10/14/2017,A
746,Virginia,67,Boston Coll.,10/21/2017,H
746,Virginia,545,Pittsburgh,10/28/2017,A
746,Virginia,255,Georgia Tech,11/4/2017,H
746,Virginia,367,Louisville,11/11/2017,A
746,Virginia,415,Miami (FL),11/18/2017,A
746,Virginia,742,Virginia Tech,11/24/2017,H
742,Virginia Tech,768,West Virginia,9/3/2017,N
742,Virginia Tech,180,Delaware,9/9/2017,H
742,Virginia Tech,196,East Carolina,9/16/2017,A
742,Virginia Tech,523,Old Dominion,9/23/2017,H
742,Virginia Tech,147,Clemson,9/30/2017,H
742,Virginia Tech,67,Boston Coll.,10/7/2017,A
742,Virginia Tech,457,N. Carolina,10/21/2017,H
742,Virginia Tech,193,Duke,10/28/2017,H
742,Virginia Tech,415,Miami (FL),11/4/2017,A
742,Virginia Tech,255,Georgia Tech,11/11/2017,A
742,Virginia Tech,545,Pittsburgh,11/18/2017,H
742,Virginia Tech,746,Virginia,11/24/2017,A
749,Wake Forest,1320,Presbyterian,8/31/2017,H
749,Wake Forest,67,Boston Coll.,9/9/2017,A
749,Wake Forest,731,Utah St.,9/16/2017,H
749,Wake Forest,27,Appalachian St.,9/23/2017,A
749,Wake Forest,234,Florida St.,9/30/2017,H
749,Wake Forest,147,Clemson,10/7/2017,A
749,Wake Forest,255,Georgia Tech,10/21/2017,A
749,Wake Forest,367,Louisville,10/28/2017,H
749,Wake Forest,513,Notre Dame,11/4/2017,A
749,Wake Forest,688,Syracuse,11/11/2017,A
749,Wake Forest,490,N.C. State,11/18/2017,H
749,Wake Forest,193,Duke,11/25/2017,H
756,Washington,587,Rutgers,9/1/2017,A
756,Washington,441,Montana,9/9/2017,H
756,Washington,96,Fresno St.,9/16/2017,H
756,Washington,157,Colorado,9/23/2017,A
756,Washington,528,Oregon St.,9/30/2017,A
756,Washington,107,California,10/7/2017,H
756,Washington,28,Arizona St.,10/14/2017,A
756,Washington,110,UCLA,10/28/2017,H
756,Washington,529,Oregon,11/4/2017,H
756,Washington,674,Stanford,11/10/2017,A
756,Washington,732,Utah,11/18/2017,H
756,Washington,754,Washington St.,11/25/2017,H
754,Washington St.,440,Montana St.,9/2/2017,H
754,Washington St.,66,Boise St.,9/9/2017,H
754,Washington St.,528,Oregon St.,9/16/2017,H
754,Washington St.,466,Nevada,9/23/2017,H
754,Washington St.,657,USC,9/29/2017,H
754,Washington St.,529,Oregon,10/7/2017,A
754,Washington St.,107,California,10/13/2017,A
754,Washington St.,157,Colorado,10/21/2017,H
754,Washington St.,29,Arizona,10/28/2017,A
754,Washington St.,674,Stanford,11/4/2017,H
754,Washington St.,732,Utah,11/11/2017,A
754,Washington St.,756,Washington,11/25/2017,A
768,West Virginia,742,Virginia Tech,9/3/2017,N
768,West Virginia,196,East Carolina,9/9/2017,H
768,West Virginia,178,Delaware St.,9/16/2017,H
768,West Virginia,328,Kansas,9/23/2017,A
768,West Virginia,698,TCU,10/7/2017,A
768,West Virginia,700,Texas Tech,10/14/2017,H
768,West Virginia,51,Baylor,10/21/2017,A
768,West Virginia,521,Oklahoma St.,10/28/2017,H
768,West Virginia,311,Iowa St.,11/4/2017,H
768,West Virginia,327,Kansas St.,11/11/2017,A
768,West Virginia,703,Texas,11/18/2017,H
768,West Virginia,522,Oklahoma,11/25/2017,A
772,W. Kentucky,202,Eastern Ky.,9/2/2017,H
772,W. Kentucky,301,Illinois,9/9/2017,A
772,W. Kentucky,366,Louisiana Tech,9/16/2017,H
772,W. Kentucky,47,Ball St.,9/23/2017,H
772,W. Kentucky,704,UTEP,10/7/2017,A
772,W. Kentucky,458,Charlotte,10/14/2017,H
772,W. Kentucky,523,Old Dominion,10/20/2017,A
772,W. Kentucky,229,Florida Atlantic,10/28/2017,H
772,W. Kentucky,736,Vanderbilt,11/4/2017,A
772,W. Kentucky,388,Marshall,11/11/2017,A
772,W. Kentucky,419,Middle Tenn. St.,11/17/2017,H
772,W. Kentucky,231,Florida Intl.,11/24/2017,A
774,W. Michigan,657,USC,9/2/2017,A
774,W. Michigan,416,Michigan St.,9/9/2017,A
774,W. Michigan,295,Idaho,9/16/2017,H
774,W. Michigan,748,Wagner,9/23/2017,H
774,W. Michigan,47,Ball St.,9/30/2017,H
774,W. Michigan,86,Buffalo,10/7/2017,A
774,W. Michigan,5,Akron,10/14/2017,H
774,W. Michigan,204,East. Michigan,10/21/2017,A
774,W. Michigan,129,Cent. Michigan,11/1/2017,H
774,W. Michigan,331,Kent St.,11/8/2017,H
774,W. Michigan,503,Northern Illinois,11/15/2017,A
774,W. Michigan,709,Toledo,11/24/2017,A
796,Wisconsin,731,Utah St.,9/1/2017,H
796,Wisconsin,229,Florida Atlantic,9/9/2017,H
796,Wisconsin,77,BYU,9/16/2017,A
796,Wisconsin,509,Northwestern,9/30/2017,H
796,Wisconsin,463,Nebraska,10/7/2017,A
796,Wisconsin,559,Purdue,10/14/2017,H
796,Wisconsin,392,Maryland,10/21/2017,H
796,Wisconsin,301,Illinois,10/28/2017,A
796,Wisconsin,306,Indiana,11/4/2017,A
796,Wisconsin,312,Iowa,11/11/2017,H
796,Wisconsin,418,Michigan,11/18/2017,H
796,Wisconsin,428,Minnesota,11/25/2017,A
811,Wyoming,312,Iowa,9/2/2017,A
811,Wyoming,1092,Gardner-Webb,9/9/2017,H
811,Wyoming,529,Oregon,9/16/2017,H
811,Wyoming,277,Hawaii,9/23/2017,H
811,Wyoming,670,Texas St.,9/30/2017,H
811,Wyoming,731,Utah St.,10/14/2017,A
811,Wyoming,66,Boise St.,10/21/2017,A
811,Wyoming,473,New Mexico,10/28/2017,H
811,Wyoming,156,Colorado St.,11/4/2017,H
811,Wyoming,721,Air Force,11/11/2017,A
811,Wyoming,96,Fresno St.,11/18/2017,H
811,Wyoming,630,San Jose St.,11/25/2017,A
